{
  "field": [
    "####################",
    "#..................#",
    "#..................#",
    "#..................#",
    "#..................#",
    "#..................#",
    "#..................#",
    "#..................#",
    "#..................#",
    "#........S.........#",
    "#..................#",
    "#..................#",
    "#..................#",
    "#..................#",
    "#..................#",
    "#..................#",
    "#..................#",
    "#..................#",
    "#..................#",
    "####################"
  ],

  "initial_snake_length": 3,
  "max_step_limit": 1000,

  "rewards": {
    "timestep": 0,
    "ate_fruit": 1,
    "died": 1
  }
}