action_counter_0,action_counter_1,action_counter_2,fruits_eaten,mean_reward,sum_episode_rewards,termination_reason,timesteps_survived
11,14,11,0,-0.027777777777777776,-1,hit_wall,36
3,1,1,0,-0.2,-1,hit_wall,5
1,3,3,0,-0.14285714285714285,-1,hit_wall,7
6,7,2,0,-0.06666666666666667,-1,hit_wall,15
13,15,6,0,-0.029411764705882353,-1,hit_wall,34
2,2,2,0,-0.16666666666666666,-1,hit_wall,6
3,1,1,0,-0.2,-1,hit_wall,5
5,9,1,0,-0.06666666666666667,-1,hit_wall,15
6,2,0,0,-0.125,-1,hit_wall,8
12,14,9,1,0.08571428571428572,3,hit_wall,35
