action_counter_0,action_counter_1,action_counter_2,fruits_eaten,mean_reward,sum_episode_rewards,termination_reason,timesteps_survived
2,1,0,0,-0.3333333333333333,-1,hit_wall,3
1,1,1,0,-0.3333333333333333,-1,hit_wall,3
1,2,2,0,-0.2,-1,hit_wall,5
0,1,2,0,-0.3333333333333333,-1,hit_wall,3
1,0,2,0,-0.3333333333333333,-1,hit_wall,3
0,2,5,0,-0.14285714285714285,-1,hit_wall,7
3,0,277,0,-0.0035714285714285713,-1,hit_wall,280
4,0,0,0,-0.25,-1,hit_wall,4
4,0,0,0,-0.25,-1,hit_wall,4
2,3,0,0,-0.2,-1,hit_wall,5
