action_counter_0,action_counter_1,action_counter_2,fruits_eaten,mean_reward,sum_episode_rewards,termination_reason,timesteps_survived
13,8,0,0,-0.047619047619047616,-1,hit_wall,21
585,210,205,0,0.0,0,timestep_limit_exceeded,1000
4,1,1,0,-0.16666666666666666,-1,hit_wall,6
5,1,0,0,-0.16666666666666666,-1,hit_wall,6
17,4,6,0,-0.037037037037037035,-1,hit_wall,27
5,1,0,0,-0.16666666666666666,-1,hit_wall,6
12,2,0,0,-0.07142857142857142,-1,hit_wall,14
13,8,0,0,-0.047619047619047616,-1,hit_wall,21
5,1,0,0,-0.16666666666666666,-1,hit_wall,6
25,7,11,1,0.06976744186046512,3,hit_wall,43
