action_counter_0,action_counter_1,action_counter_2,fruits_eaten,mean_reward,sum_episode_rewards,termination_reason,timesteps_survived
4,1,1,0,-0.16666666666666666,-1,hit_wall,6
4,1,1,0,-0.16666666666666666,-1,hit_wall,6
5,1,0,0,-0.16666666666666666,-1,hit_wall,6
7,0,5,0,-0.08333333333333333,-1,hit_wall,12
12,7,4,0,-0.043478260869565216,-1,hit_wall,23
3,1,1,0,-0.2,-1,hit_wall,5
4,1,1,0,-0.16666666666666666,-1,hit_wall,6
6,5,3,0,-0.07142857142857142,-1,hit_wall,14
5,1,0,0,-0.16666666666666666,-1,hit_wall,6
5,1,0,0,-0.16666666666666666,-1,hit_wall,6
