action_counter_0,action_counter_1,action_counter_2,fruits_eaten,mean_reward,sum_episode_rewards,termination_reason,timesteps_survived
14,10,19,0,-0.023255813953488372,-1,hit_wall,43
2,5,3,0,-0.1,-1,hit_wall,10
4,4,9,0,-0.058823529411764705,-1,hit_wall,17
1,4,4,1,0.3333333333333333,3,hit_wall,9
1,2,3,0,-0.16666666666666666,-1,hit_wall,6
3,10,7,0,-0.05,-1,hit_wall,20
0,19,8,0,-0.037037037037037035,-1,hit_wall,27
0,63,18,1,0.037037037037037035,3,hit_wall,81
1,12,5,0,-0.05555555555555555,-1,hit_wall,18
0,15,12,0,-0.037037037037037035,-1,hit_wall,27
